loseScore,drawScore,winScore,simulationTimes
-20,1,2,118500
-20,1,3,34500
-20,1,4,16100
-20,1,5,10000
-20,1,6,6800
-20,1,7,5100
-20,1,8,3700
-20,1,9,3300
-20,1,10,2800
-20,1,11,2500
-20,1,12,2300
-20,1,13,1900
-20,1,14,1800
-20,1,15,1500
-20,1,16,1400
-20,1,17,1400
-20,1,18,1300
-20,1,19,1200
-20,1,20,1200
-20,2,3,140800
-20,2,5,17900
-20,2,7,7300
-20,2,9,4500
-20,2,11,2900
-20,2,13,2200
-20,2,15,1900
-20,2,17,1500
-20,2,19,1500
-20,3,4,157400
-20,3,5,38800
-20,3,6,18700
-20,3,7,12000
-20,3,8,8000
-20,3,9,5700
-20,3,10,4700
-20,3,11,3900
-20,3,12,3100
-20,3,13,2900
-20,3,14,2400
-20,3,15,2100
-20,3,16,1900
-20,3,17,1800
-20,3,18,1600
-20,3,19,1600
-20,3,20,1400
-20,4,5,153900
-20,4,7,20400
-20,4,9,8400
-20,4,11,4700
-20,4,13,3400
-20,4,15,2600
-20,4,17,2000
-20,4,19,1900
-20,5,6,181800
-20,5,7,44600
-20,5,8,22500
-20,5,9,12800
-20,5,11,6500
-20,5,12,5200
-20,5,13,4200
-20,5,14,3700
-20,5,16,2600
-20,5,17,2500
-20,5,18,2100
-20,5,19,1900
-20,6,7,179300
-20,6,9,24200
-20,6,11,10300
-20,6,13,5400
-20,6,15,3500
-20,6,17,3000
-20,6,19,2200
-20,7,8,198900
-20,7,9,58300
-20,7,10,25000
-20,7,11,15100
-20,7,12,10200
-20,7,13,7100
-20,7,14,6100
-20,7,15,5000
-20,7,16,4000
-20,7,17,3600
-20,7,18,3100
-20,7,19,2700
-20,7,20,2400
-20,8,9,213000
-20,8,11,26600
-20,8,13,10600
-20,8,15,6400
-20,8,17,4100
-20,8,19,3200
-20,9,10,224600
-20,9,11,64200
-20,9,12,29100
-20,9,13,17700
-20,9,14,11700
-20,9,15,8700
-20,9,16,6600
-20,9,17,5100
-20,9,18,4200
-20,9,19,3900
-20,9,20,3200
-20,10,11,252500
-20,10,13,30100
-20,10,17,7300
-20,10,19,5400
-20,11,12,266000
-20,11,13,74500
-20,11,14,30700
-20,11,15,19500
-20,11,16,13100
-20,11,17,9700
-20,11,18,8200
-20,11,19,6700
-20,11,20,5500
-20,12,13,300300
-20,12,15,34500
-20,12,17,13800
-20,12,19,7600
-20,13,14,303400
-20,13,15,83500
-20,13,16,37900
-20,13,17,21200
-20,13,18,14700
-20,13,19,10900
-20,13,20,8400
-20,14,15,333100
-20,14,17,37900
-20,14,19,16700
-20,15,16,341700
-20,15,17,82600
-20,15,18,41400
-20,15,19,24200
-20,16,17,342800
-20,16,19,42700
-20,17,18,398800
-20,17,19,111800
-20,17,20,45600
-20,18,19,420200
-20,19,20,416900
-19,1,2,113800
-19,1,3,32500
-19,1,4,14800
-19,1,5,9000
-19,1,6,5900
-19,1,7,4600
-19,1,8,3600
-19,1,9,3100
-19,1,10,2600
-19,1,11,2200
-19,1,12,2000
-19,1,13,1800
-19,1,14,1600
-19,1,15,1600
-19,1,16,1300
-19,1,17,1300
-19,1,18,1200
-19,1,19,1100
-19,1,20,1200
-19,2,3,132000
-19,2,4,35200
-19,2,5,16700
-19,2,6,9600
-19,2,7,6700
-19,2,8,4900
-19,2,9,4100
-19,2,10,3100
-19,2,11,3000
-19,2,12,2500
-19,2,13,2100
-19,2,14,1900
-19,2,15,1800
-19,2,16,1600
-19,2,17,1500
-19,2,18,1400
-19,2,19,1300
-19,2,20,1300
-19,3,4,141800
-19,3,5,39800
-19,3,6,16100
-19,3,7,10600
-19,3,8,7300
-19,3,9,5400
-19,3,10,4200
-19,3,11,3800
-19,3,12,3100
-19,3,13,2400
-19,3,14,2400
-19,3,15,2000
-19,3,16,1900
-19,3,17,1700
-19,3,18,1500
-19,3,19,1400
-19,3,20,1600
-19,4,5,171400
-19,4,6,41400
-19,4,7,18800
-19,4,8,11300
-19,4,9,7700
-19,4,10,6200
-19,4,11,4400
-19,4,12,3700
-19,4,13,3000
-19,4,14,2600
-19,4,15,2300
-19,4,16,2100
-19,4,17,1900
-19,4,18,1800
-19,4,19,1600
-19,4,20,1600
-19,5,6,171300
-19,5,7,42600
-19,5,8,20800
-19,5,9,13300
-19,5,10,8000
-19,5,11,6800
-19,5,12,5300
-19,5,13,4000
-19,5,14,3300
-19,5,15,2900
-19,5,16,3000
-19,5,17,2300
-19,5,18,1900
-19,5,19,1900
-19,5,20,1900
-19,6,7,169100
-19,6,8,47100
-19,6,9,21600
-19,6,10,13600
-19,6,11,8300
-19,6,12,6900
-19,6,13,5100
-19,6,14,4500
-19,6,15,3600
-19,6,16,3100
-19,6,17,2700
-19,6,18,2400
-19,6,19,2100
-19,6,20,2200
-19,7,8,196300
-19,7,9,49300
-19,7,10,23200
-19,7,11,13900
-19,7,12,10100
-19,7,13,7200
-19,7,14,5700
-19,7,15,4300
-19,7,16,3700
-19,7,17,3300
-19,7,18,2900
-19,7,19,2400
-19,7,20,2500
-19,8,9,196100
-19,8,10,54200
-19,8,11,26600
-19,8,12,16600
-19,8,13,10500
-19,8,14,7700
-19,8,15,5900
-19,8,16,5000
-19,8,17,4100
-19,8,18,3700
-19,8,19,3200
-19,8,20,3100
-19,9,10,229500
-19,9,11,59100
-19,9,12,30000
-19,9,13,17500
-19,9,14,11000
-19,9,15,8000
-19,9,16,6100
-19,9,17,5100
-19,9,18,4200
-19,9,19,3600
-19,9,20,4100
-19,10,11,250000
-19,10,12,62600
-19,10,13,29100
-19,10,14,18500
-19,10,15,11000
-19,10,16,8400
-19,10,17,6700
-19,10,18,5600
-19,10,19,4400
-19,10,20,4800
-19,11,12,272600
-19,11,13,63400
-19,11,14,33000
-19,11,15,17700
-19,11,16,11800
-19,11,17,10000
-19,11,18,6900
-19,11,19,5700
-19,11,20,5800
-19,12,13,270700
-19,12,14,71200
-19,12,15,32700
-19,12,16,20000
-19,12,17,12200
-19,12,18,10100
-19,12,19,7900
-19,12,20,7300
-19,13,14,289900
-19,13,15,83800
-19,13,16,35800
-19,13,17,20600
-19,13,18,14300
-19,13,19,10400
-19,13,20,10600
-19,14,15,320100
-19,14,16,83400
-19,14,17,37700
-19,14,18,23800
-19,14,19,15500
-19,14,20,16800
-19,15,16,340300
-19,15,17,81800
-19,15,18,38800
-19,15,19,22100
-19,15,20,24600
-19,16,17,350600
-19,16,18,88500
-19,16,19,40000
-19,16,20,42300
-19,17,18,356100
-19,17,19,96400
-19,17,20,99600
-19,18,19,395500
-19,18,20,436700
-19,19,20,418200
-18,1,2,104500
-18,1,3,27400
-18,1,4,13900
-18,1,5,8400
-18,1,6,5800
-18,1,7,4400
-18,1,8,3500
-18,1,9,2900
-18,1,10,2600
-18,1,11,2100
-18,1,12,1900
-18,1,13,1800
-18,1,14,1500
-18,1,15,1500
-18,1,16,1300
-18,1,17,1300
-18,1,18,1200
-18,1,19,1300
-18,1,20,1300
-18,2,3,105900
-18,2,5,14600
-18,2,7,6600
-18,2,9,3500
-18,2,11,2800
-18,2,13,2000
-18,2,15,1600
-18,2,17,1500
-18,2,19,1300
-18,3,4,122500
-18,3,5,35300
-18,3,7,10600
-18,3,8,6100
-18,3,10,4000
-18,3,11,3000
-18,3,13,2600
-18,3,14,2000
-18,3,16,1700
-18,3,17,1600
-18,3,19,1600
-18,3,20,1700
-18,4,5,153700
-18,4,7,16600
-18,4,9,8600
-18,4,11,4400
-18,4,13,2800
-18,4,15,2200
-18,4,17,1800
-18,4,19,1900
-18,5,6,148300
-18,5,7,43300
-18,5,8,19800
-18,5,9,11500
-18,5,10,7900
-18,5,11,6100
-18,5,12,4500
-18,5,13,3600
-18,5,14,3000
-18,5,15,2800
-18,5,16,2300
-18,5,17,2300
-18,5,18,1900
-18,5,19,2100
-18,5,20,2100
-18,6,7,155600
-18,6,11,8400
-18,6,13,4800
-18,6,17,2300
-18,6,19,2300
-18,7,8,173900
-18,7,9,45200
-18,7,10,23500
-18,7,11,13200
-18,7,12,8400
-18,7,13,7200
-18,7,14,5400
-18,7,15,4200
-18,7,16,3700
-18,7,17,3200
-18,7,18,2800
-18,7,19,3000
-18,7,20,3200
-18,8,9,191000
-18,8,11,25100
-18,8,13,9900
-18,8,15,5900
-18,8,17,3700
-18,8,19,3500
-18,9,10,210800
-18,9,11,52500
-18,9,13,15500
-18,9,14,10900
-18,9,16,6000
-18,9,17,4700
-18,9,19,4500
-18,9,20,4200
-18,10,11,215400
-18,10,13,26600
-18,10,15,10700
-18,10,17,6200
-18,10,19,5200
-18,11,12,223700
-18,11,13,63100
-18,11,14,29600
-18,11,15,19600
-18,11,16,11700
-18,11,17,8700
-18,11,18,7200
-18,11,19,7600
-18,11,20,7400
-18,12,13,237400
-18,12,17,12200
-18,12,19,10100
-18,13,14,249400
-18,13,15,73000
-18,13,16,32800
-18,13,17,19400
-18,13,18,13200
-18,13,19,13900
-18,13,20,13900
-18,14,15,271800
-18,14,17,37400
-18,14,19,22900
-18,15,16,318100
-18,15,17,81700
-18,15,19,39200
-18,15,20,40200
-18,16,17,331600
-18,16,19,85200
-18,17,18,323900
-18,17,19,373600
-18,17,20,388100
-18,18,19,363200
-18,19,20,399300
-17,1,2,100100
-17,1,3,26900
-17,1,4,12500
-17,1,5,7900
-17,1,6,5400
-17,1,7,4200
-17,1,8,3200
-17,1,9,2400
-17,1,10,2300
-17,1,11,1900
-17,1,12,1700
-17,1,13,1600
-17,1,14,1400
-17,1,15,1400
-17,1,16,1300
-17,1,17,1100
-17,1,18,1200
-17,1,19,1400
-17,1,20,1400
-17,2,3,107000
-17,2,4,28900
-17,2,5,14100
-17,2,6,8600
-17,2,7,5900
-17,2,8,4200
-17,2,9,3500
-17,2,10,3200
-17,2,11,2500
-17,2,12,2200
-17,2,13,2000
-17,2,14,1500
-17,2,15,1500
-17,2,16,1400
-17,2,17,1400
-17,2,18,1400
-17,2,19,1400
-17,2,20,1500
-17,3,4,118800
-17,3,5,30800
-17,3,6,15900
-17,3,7,8600
-17,3,8,6300
-17,3,9,4500
-17,3,10,3700
-17,3,11,3100
-17,3,12,2500
-17,3,13,2200
-17,3,14,2000
-17,3,15,1700
-17,3,16,1700
-17,3,17,1500
-17,3,18,1500
-17,3,19,1600
-17,3,20,1800
-17,4,5,119700
-17,4,6,34100
-17,4,7,15500
-17,4,8,10200
-17,4,9,7000
-17,4,10,5000
-17,4,11,4300
-17,4,12,3300
-17,4,13,2600
-17,4,14,2600
-17,4,15,2100
-17,4,16,1800
-17,4,17,1700
-17,4,18,1900
-17,4,19,2000
-17,4,20,1900
-17,5,6,139600
-17,5,7,34500
-17,5,8,18200
-17,5,9,10700
-17,5,10,7500
-17,5,11,5200
-17,5,12,4300
-17,5,13,3800
-17,5,14,2800
-17,5,15,2500
-17,5,16,2200
-17,5,17,1900
-17,5,18,2100
-17,5,19,2400
-17,5,20,2600
-17,6,7,143200
-17,6,8,37000
-17,6,9,18600
-17,6,10,11700
-17,6,11,8200
-17,6,12,6000
-17,6,13,4900
-17,6,14,3800
-17,6,15,3100
-17,6,16,3000
-17,6,17,2400
-17,6,18,2500
-17,6,19,2600
-17,6,20,3000
-17,7,8,168200
-17,7,9,45300
-17,7,10,20600
-17,7,11,11600
-17,7,12,8600
-17,7,13,6700
-17,7,14,4800
-17,7,15,4000
-17,7,16,3500
-17,7,17,2800
-17,7,18,3100
-17,7,19,3400
-17,7,20,3200
-17,8,9,163000
-17,8,10,46500
-17,8,11,24600
-17,8,12,13000
-17,8,13,9200
-17,8,14,6900
-17,8,15,5200
-17,8,16,4300
-17,8,17,3600
-17,8,18,3800
-17,8,19,4100
-17,8,20,4400
-17,9,10,197800
-17,9,11,48000
-17,9,12,23800
-17,9,13,15400
-17,9,14,10000
-17,9,15,7000
-17,9,16,5600
-17,9,17,4500
-17,9,18,4700
-17,9,19,5300
-17,9,20,5500
-17,10,11,207600
-17,10,12,53600
-17,10,13,24700
-17,10,14,15600
-17,10,15,10900
-17,10,16,7100
-17,10,17,5900
-17,10,18,6200
-17,10,19,6600
-17,10,20,6700
-17,11,12,223900
-17,11,13,58900
-17,11,14,28400
-17,11,15,15100
-17,11,16,11700
-17,11,17,8200
-17,11,18,9400
-17,11,19,9800
-17,11,20,10100
-17,12,13,228000
-17,12,14,66300
-17,12,15,30200
-17,12,16,16700
-17,12,17,11600
-17,12,18,11900
-17,12,19,13400
-17,12,20,13100
-17,13,14,249300
-17,13,15,66300
-17,13,16,30800
-17,13,17,19300
-17,13,18,19100
-17,13,19,22500
-17,13,20,22700
-17,14,15,256200
-17,14,16,67800
-17,14,17,33700
-17,14,18,34400
-17,14,19,36900
-17,14,20,39000
-17,15,16,257400
-17,15,17,70600
-17,15,18,75000
-17,15,19,85700
-17,15,20,85400
-17,16,17,312200
-17,16,18,292000
-17,16,19,310500
-17,16,20,361900
-17,17,18,319900
-17,17,19,340600
-17,17,20,348400
-17,18,19,332200
-17,18,20,340700
-17,19,20,360400
-16,1,2,87700
-16,1,3,24900
-16,1,4,11800
-16,1,5,6600
-16,1,6,5400
-16,1,7,3900
-16,1,8,3200
-16,1,9,2600
-16,1,10,2300
-16,1,11,2100
-16,1,12,1600
-16,1,13,1500
-16,1,14,1300
-16,1,15,1400
-16,1,16,1200
-16,1,17,1300
-16,1,18,1300
-16,1,19,1400
-16,1,20,1500
-16,2,3,94800
-16,2,5,13300
-16,2,7,5300
-16,2,9,3300
-16,2,11,2400
-16,2,13,1800
-16,2,15,1400
-16,2,17,1400
-16,2,19,1600
-16,3,4,102700
-16,3,5,27100
-16,3,6,13400
-16,3,7,9000
-16,3,8,6000
-16,3,9,4700
-16,3,10,3200
-16,3,11,2700
-16,3,12,2500
-16,3,13,2100
-16,3,14,2000
-16,3,15,1600
-16,3,16,1500
-16,3,17,1600
-16,3,18,1900
-16,3,19,1800
-16,3,20,1900
-16,4,5,103300
-16,4,7,15800
-16,4,9,6800
-16,4,11,3800
-16,4,13,2500
-16,4,15,2000
-16,4,17,2000
-16,4,19,2200
-16,5,6,122200
-16,5,7,34300
-16,5,8,15900
-16,5,9,9600
-16,5,10,7200
-16,5,11,5000
-16,5,12,4000
-16,5,13,3200
-16,5,14,2800
-16,5,15,2400
-16,5,16,2300
-16,5,17,2300
-16,5,18,2200
-16,5,19,2500
-16,5,20,2600
-16,6,7,143400
-16,6,9,18700
-16,6,11,7900
-16,6,13,4400
-16,6,15,3000
-16,6,17,2700
-16,6,19,3000
-16,7,8,146400
-16,7,9,37700
-16,7,10,18600
-16,7,11,12400
-16,7,12,8100
-16,7,13,5600
-16,7,14,4500
-16,7,15,3800
-16,7,16,3200
-16,7,17,3400
-16,7,18,3500
-16,7,19,4000
-16,7,20,4200
-16,8,9,168800
-16,8,11,19400
-16,8,13,8700
-16,8,15,4800
-16,8,17,4000
-16,8,19,4700
-16,9,10,179500
-16,9,11,45800
-16,9,12,22300
-16,9,13,12500
-16,9,14,9300
-16,9,15,6400
-16,9,16,5400
-16,9,17,5900
-16,9,18,6500
-16,9,19,6500
-16,9,20,6300
-16,10,11,192300
-16,10,13,23900
-16,10,15,10000
-16,10,17,6900
-16,10,19,8800
-16,11,12,204800
-16,11,13,50800
-16,11,14,24100
-16,11,15,15300
-16,11,16,10700
-16,11,17,10600
-16,11,18,12400
-16,11,19,12300
-16,11,20,11700
-16,12,13,213900
-16,12,15,26800
-16,12,17,17000
-16,12,19,18500
-16,13,14,242600
-16,13,15,69000
-16,13,16,28300
-16,13,17,32400
-16,13,18,32100
-16,13,19,34200
-16,13,20,34200
-16,14,15,255700
-16,14,17,69000
-16,14,19,75900
-16,15,16,284800
-16,15,17,292700
-16,15,18,284100
-16,15,19,308600
-16,15,20,348900
-16,16,17,291700
-16,16,19,320700
-16,17,18,294700
-16,17,19,313600
-16,17,20,311100
-16,18,19,303700
-16,19,20,352600
-15,1,2,76600
-15,1,3,20800
-15,1,4,10000
-15,1,5,6400
-15,1,6,4200
-15,1,7,3200
-15,1,8,2800
-15,1,9,2200
-15,1,10,2000
-15,1,11,1800
-15,1,12,1500
-15,1,13,1400
-15,1,14,1200
-15,1,15,1200
-15,1,16,1400
-15,1,17,1300
-15,1,18,1500
-15,1,19,1500
-15,1,20,1600
-15,2,3,85100
-15,2,4,25500
-15,2,5,10800
-15,2,6,7100
-15,2,7,4900
-15,2,8,3600
-15,2,9,2900
-15,2,10,2500
-15,2,11,2000
-15,2,12,1800
-15,2,13,1700
-15,2,14,1600
-15,2,15,1300
-15,2,16,1500
-15,2,17,1500
-15,2,18,1600
-15,2,19,1800
-15,2,20,1800
-15,3,4,95700
-15,3,5,26100
-15,3,7,7600
-15,3,8,5300
-15,3,10,3200
-15,3,11,2600
-15,3,13,1900
-15,3,14,1700
-15,3,16,1700
-15,3,17,1800
-15,3,19,2000
-15,3,20,2000
-15,4,5,108400
-15,4,6,29200
-15,4,7,15300
-15,4,8,8200
-15,4,9,6400
-15,4,10,4700
-15,4,11,3400
-15,4,12,3100
-15,4,13,2400
-15,4,14,2200
-15,4,15,1900
-15,4,16,2000
-15,4,17,2200
-15,4,18,2100
-15,4,19,2300
-15,4,20,2600
-15,5,6,108100
-15,5,7,31800
-15,5,8,14900
-15,5,9,9300
-15,5,11,5000
-15,5,12,3800
-15,5,13,3000
-15,5,14,2700
-15,5,16,2400
-15,5,17,2800
-15,5,18,2700
-15,5,19,3100
-15,6,7,133100
-15,6,8,35200
-15,6,10,10000
-15,6,11,6700
-15,6,13,4100
-15,6,14,3300
-15,6,16,3000
-15,6,17,3300
-15,6,19,3600
-15,6,20,3900
-15,7,8,133800
-15,7,9,36400
-15,7,10,17400
-15,7,11,11500
-15,7,12,7100
-15,7,13,5400
-15,7,14,4300
-15,7,15,3500
-15,7,16,3900
-15,7,17,3800
-15,7,18,4600
-15,7,19,4600
-15,7,20,4800
-15,8,9,155500
-15,8,10,39000
-15,8,11,19400
-15,8,12,12000
-15,8,13,7900
-15,8,14,6000
-15,8,15,4400
-15,8,16,5000
-15,8,17,5500
-15,8,18,5200
-15,8,19,5800
-15,8,20,6400
-15,9,10,168600
-15,9,11,42100
-15,9,13,12200
-15,9,14,8300
-15,9,16,7000
-15,9,17,6600
-15,9,19,7900
-15,9,20,8300
-15,10,11,164000
-15,10,12,48100
-15,10,13,22500
-15,10,14,13100
-15,10,16,10000
-15,10,17,10200
-15,10,18,10500
-15,10,19,10700
-15,11,12,189700
-15,11,13,48800
-15,11,14,23900
-15,11,15,13900
-15,11,16,15000
-15,11,17,16700
-15,11,18,16500
-15,11,19,18900
-15,11,20,17700
-15,12,13,211000
-15,12,14,57600
-15,12,16,28000
-15,12,17,27400
-15,12,19,32900
-15,12,20,31500
-15,13,14,215100
-15,13,15,60600
-15,13,16,62300
-15,13,17,67500
-15,13,18,77900
-15,13,19,73300
-15,13,20,75900
-15,14,15,226900
-15,14,16,268200
-15,14,17,272100
-15,14,18,278000
-15,14,19,306900
-15,14,20,302800
-15,15,16,242400
-15,15,17,260800
-15,15,19,296400
-15,16,17,273200
-15,16,18,286200
-15,16,19,282800
-15,16,20,299500
-15,17,18,291900
-15,17,19,77900
-15,17,20,77600
-15,18,19,309200
-15,18,20,78100
-15,19,20,303100
-14,1,2,66100
-14,1,3,17900
-14,1,4,9300
-14,1,5,5600
-14,1,6,4000
-14,1,7,3000
-14,1,8,2400
-14,1,9,2000
-14,1,10,2000
-14,1,11,1600
-14,1,12,1400
-14,1,13,1200
-14,1,14,1300
-14,1,15,1300
-14,1,16,1500
-14,1,17,1500
-14,1,18,1500
-14,1,19,1700
-14,1,20,1800
-14,2,3,82500
-14,2,5,10000
-14,2,7,4600
-14,2,9,2600
-14,2,11,2100
-14,2,13,1500
-14,2,15,1400
-14,2,17,1700
-14,2,19,2100
-14,3,4,90700
-14,3,5,23700
-14,3,6,11300
-14,3,7,6600
-14,3,8,4900
-14,3,9,3700
-14,3,10,3000
-14,3,11,2300
-14,3,12,2100
-14,3,13,1800
-14,3,14,1600
-14,3,15,1700
-14,3,16,1900
-14,3,17,2000
-14,3,18,2100
-14,3,19,2600
-14,3,20,2300
-14,4,5,105400
-14,4,7,12400
-14,4,9,5300
-14,4,11,3300
-14,4,13,2200
-14,4,15,2000
-14,4,17,2400
-14,4,19,2700
-14,5,6,100000
-14,5,7,26700
-14,5,8,13600
-14,5,9,8000
-14,5,10,5600
-14,5,11,4000
-14,5,12,3400
-14,5,13,2800
-14,5,14,2300
-14,5,15,2700
-14,5,16,3200
-14,5,17,3000
-14,5,18,3100
-14,5,19,3500
-14,5,20,3500
-14,6,7,112800
-14,6,9,15600
-14,6,11,6300
-14,6,13,3800
-14,6,15,3200
-14,6,17,3800
-14,6,19,4300
-14,7,8,123800
-14,7,9,32800
-14,7,10,16000
-14,7,11,9700
-14,7,12,7100
-14,7,13,5200
-14,7,15,4600
-14,7,16,4400
-14,7,17,4800
-14,7,18,4900
-14,7,19,6000
-14,7,20,6100
-14,8,9,152900
-14,8,11,17600
-14,8,13,7100
-14,8,15,5800
-14,8,17,6600
-14,8,19,8000
-14,9,10,160400
-14,9,11,42800
-14,9,12,18800
-14,9,13,12100
-14,9,14,8100
-14,9,15,8500
-14,9,16,9500
-14,9,17,10200
-14,9,18,10300
-14,9,19,10000
-14,9,20,11900
-14,10,11,161800
-14,10,13,20500
-14,10,15,14300
-14,10,17,14300
-14,10,19,18800
-14,11,12,176500
-14,11,13,50100
-14,11,14,23300
-14,11,15,22600
-14,11,16,22900
-14,11,17,26800
-14,11,18,26400
-14,11,19,30300
-14,11,20,29400
-14,12,13,191100
-14,12,15,59100
-14,12,17,61400
-14,12,19,68300
-14,13,14,206400
-14,13,15,208500
-14,13,16,230600
-14,13,17,247400
-14,13,18,261800
-14,13,19,284200
-14,13,20,294900
-14,14,15,220100
-14,14,17,240200
-14,14,19,283300
-14,15,16,233300
-14,15,17,243800
-14,15,18,266700
-14,15,19,273200
-14,15,20,284500
-14,16,17,257400
-14,16,19,67900
-14,17,18,246900
-14,17,19,72900
-14,17,20,30700
-14,18,19,268100
-14,19,20,313300
-13,1,2,56700
-13,1,3,17500
-13,1,4,8400
-13,1,5,5100
-13,1,6,3500
-13,1,7,2700
-13,1,8,2400
-13,1,9,1900
-13,1,10,1600
-13,1,11,1500
-13,1,12,1300
-13,1,13,1200
-13,1,14,1300
-13,1,15,1400
-13,1,16,1800
-13,1,17,1600
-13,1,18,1600
-13,1,19,1800
-13,1,20,1900
-13,2,3,67200
-13,2,4,17300
-13,2,5,8500
-13,2,6,5500
-13,2,7,4100
-13,2,8,3100
-13,2,9,2700
-13,2,10,2000
-13,2,11,1800
-13,2,12,1500
-13,2,13,1400
-13,2,14,1500
-13,2,15,1500
-13,2,16,1900
-13,2,17,1900
-13,2,18,2000
-13,2,19,2100
-13,2,20,2200
-13,3,4,73200
-13,3,5,19800
-13,3,6,10500
-13,3,7,6600
-13,3,8,4200
-13,3,9,3500
-13,3,10,2800
-13,3,11,2300
-13,3,12,1800
-13,3,13,1700
-13,3,14,1900
-13,3,15,2100
-13,3,16,2300
-13,3,17,2200
-13,3,18,2300
-13,3,19,2400
-13,3,20,2800
-13,4,5,85700
-13,4,6,23200
-13,4,7,11000
-13,4,8,6900
-13,4,9,4800
-13,4,10,3700
-13,4,11,2900
-13,4,12,2700
-13,4,13,2000
-13,4,14,2500
-13,4,15,2300
-13,4,16,2600
-13,4,17,2600
-13,4,18,2900
-13,4,19,3200
-13,4,20,3600
-13,5,6,95100
-13,5,7,25500
-13,5,8,12600
-13,5,9,8500
-13,5,10,5300
-13,5,11,4100
-13,5,12,3300
-13,5,13,2300
-13,5,14,2800
-13,5,15,3100
-13,5,16,3300
-13,5,17,3600
-13,5,18,3800
-13,5,19,4000
-13,5,20,4300
-13,6,7,102900
-13,6,8,29800
-13,6,9,13000
-13,6,10,7900
-13,6,11,5800
-13,6,12,4500
-13,6,13,3500
-13,6,14,4100
-13,6,15,4000
-13,6,16,4300
-13,6,17,4900
-13,6,18,4700
-13,6,19,5200
-13,6,20,5600
-13,7,8,112200
-13,7,9,32000
-13,7,10,13500
-13,7,11,9300
-13,7,12,6000
-13,7,13,4400
-13,7,14,4700
-13,7,15,5700
-13,7,16,5600
-13,7,17,6100
-13,7,18,6500
-13,7,19,6800
-13,7,20,7500
-13,8,9,130800
-13,8,10,32200
-13,8,11,17000
-13,8,12,9900
-13,8,13,6700
-13,8,14,6800
-13,8,15,8600
-13,8,16,7800
-13,8,17,8400
-13,8,18,10000
-13,8,19,11100
-13,8,20,11000
-13,9,10,139900
-13,9,11,37200
-13,9,12,17800
-13,9,13,11700
-13,9,14,11800
-13,9,15,12200
-13,9,16,12500
-13,9,17,14100
-13,9,18,16200
-13,9,19,14900
-13,9,20,16800
-13,10,11,149500
-13,10,12,43200
-13,10,13,19600
-13,10,14,21500
-13,10,15,21200
-13,10,16,23800
-13,10,17,22600
-13,10,18,26600
-13,10,19,28600
-13,10,20,29700
-13,11,12,168500
-13,11,13,46100
-13,11,14,47000
-13,11,15,51600
-13,11,16,51100
-13,11,17,55200
-13,11,18,57700
-13,11,19,64400
-13,11,20,66400
-13,12,13,175600
-13,12,14,174600
-13,12,15,211900
-13,12,16,227300
-13,12,17,254300
-13,12,18,236600
-13,12,19,267200
-13,12,20,269300
-13,13,14,195000
-13,13,15,220600
-13,13,16,217800
-13,13,17,242700
-13,13,18,259800
-13,13,19,246300
-13,13,20,271600
-13,14,15,209300
-13,14,16,214000
-13,14,17,224900
-13,14,18,275600
-13,14,19,257700
-13,14,20,290700
-13,15,16,229400
-13,15,17,62000
-13,15,18,58100
-13,15,19,59200
-13,15,20,71800
-13,16,17,228900
-13,16,18,60400
-13,16,19,28900
-13,16,20,32200
-13,17,18,243000
-13,17,19,66700
-13,17,20,32800
-13,18,19,262600
-13,18,20,71400
-13,19,20,289800
-12,1,2,50200
-12,1,3,15000
-12,1,4,7500
-12,1,5,4300
-12,1,6,3300
-12,1,7,2700
-12,1,8,2100
-12,1,9,1700
-12,1,10,1500
-12,1,11,1300
-12,1,12,1300
-12,1,13,1300
-12,1,14,1400
-12,1,15,1500
-12,1,16,1500
-12,1,17,1800
-12,1,18,2000
-12,1,19,2000
-12,1,20,2200
-12,2,3,60200
-12,2,5,8700
-12,2,7,3500
-12,2,9,2100
-12,2,11,1700
-12,2,13,1700
-12,2,15,1900
-12,2,17,2300
-12,2,19,2400
-12,3,4,68100
-12,3,5,18100
-12,3,7,5800
-12,3,8,3800
-12,3,10,2400
-12,3,11,1900
-12,3,13,1800
-12,3,14,2000
-12,3,16,2400
-12,3,17,2600
-12,3,19,2900
-12,3,20,3100
-12,4,5,71600
-12,4,7,10200
-12,4,9,4100
-12,4,11,2600
-12,4,13,2400
-12,4,15,2600
-12,4,17,3300
-12,4,19,3600
-12,5,6,84800
-12,5,7,22000
-12,5,8,10700
-12,5,9,7200
-12,5,10,5300
-12,5,11,3700
-12,5,12,2700
-12,5,13,3200
-12,5,14,3500
-12,5,15,3700
-12,5,16,4000
-12,5,17,4200
-12,5,18,4300
-12,5,19,5300
-12,5,20,5300
-12,6,7,98400
-12,6,11,5400
-12,6,13,4300
-12,6,17,5600
-12,6,19,6900
-12,7,8,103600
-12,7,9,27600
-12,7,10,13800
-12,7,11,8300
-12,7,12,6000
-12,7,13,6500
-12,7,14,6900
-12,7,15,7700
-12,7,16,7700
-12,7,17,8300
-12,7,18,8800
-12,7,19,9500
-12,7,20,9900
-12,8,9,113300
-12,8,11,15000
-12,8,13,9400
-12,8,15,11500
-12,8,17,13500
-12,8,19,14200
-12,9,10,124300
-12,9,11,33400
-12,9,13,17600
-12,9,14,18100
-12,9,16,22100
-12,9,17,23900
-12,9,19,27500
-12,9,20,28900
-12,10,11,132500
-12,10,13,37400
-12,10,15,48600
-12,10,17,51900
-12,10,19,56400
-12,11,12,153600
-12,11,13,162600
-12,11,14,182400
-12,11,15,180700
-12,11,16,195900
-12,11,17,212800
-12,11,18,218700
-12,11,19,255100
-12,11,20,253600
-12,12,13,163000
-12,12,17,203500
-12,12,19,227000
-12,13,14,175800
-12,13,15,188800
-12,13,16,199200
-12,13,17,217700
-12,13,18,230300
-12,13,19,249900
-12,13,20,265300
-12,14,15,199700
-12,14,17,59500
-12,14,19,62300
-12,15,16,224000
-12,15,17,52600
-12,15,19,27000
-12,15,20,29800
-12,16,17,219600
-12,16,19,27400
-12,17,18,230700
-12,17,19,63300
-12,17,20,29600
-12,18,19,251000
-12,19,20,258800
-11,1,2,44400
-11,1,3,13000
-11,1,4,6600
-11,1,5,4300
-11,1,6,2700
-11,1,7,2300
-11,1,8,1800
-11,1,9,1700
-11,1,10,1500
-11,1,11,1300
-11,1,12,1400
-11,1,13,1500
-11,1,14,1600
-11,1,15,1800
-11,1,16,1800
-11,1,17,2000
-11,1,18,2100
-11,1,19,2500
-11,1,20,2600
-11,2,3,47600
-11,2,4,13100
-11,2,5,7300
-11,2,6,4400
-11,2,7,3300
-11,2,8,2600
-11,2,9,2000
-11,2,10,1800
-11,2,11,1600
-11,2,12,1800
-11,2,13,2000
-11,2,14,1900
-11,2,15,2000
-11,2,16,2200
-11,2,17,2500
-11,2,18,2700
-11,2,19,2900
-11,2,20,3000
-11,3,4,58800
-11,3,5,15500
-11,3,6,9000
-11,3,7,5200
-11,3,8,3900
-11,3,9,3000
-11,3,10,2300
-11,3,11,1800
-11,3,12,2200
-11,3,13,2300
-11,3,14,2300
-11,3,15,2800
-11,3,16,2900
-11,3,17,3400
-11,3,18,3400
-11,3,19,3700
-11,3,20,3900
-11,4,5,67200
-11,4,6,17200
-11,4,7,8600
-11,4,8,5900
-11,4,9,4000
-11,4,10,3000
-11,4,11,2500
-11,4,12,2600
-11,4,13,3000
-11,4,14,3000
-11,4,15,3300
-11,4,16,3700
-11,4,17,3800
-11,4,18,4200
-11,4,19,4900
-11,4,20,5100
-11,5,6,76100
-11,5,7,20300
-11,5,8,10200
-11,5,9,6200
-11,5,10,4600
-11,5,11,3400
-11,5,12,3700
-11,5,13,4200
-11,5,14,4400
-11,5,15,5000
-11,5,16,4800
-11,5,17,5000
-11,5,18,5900
-11,5,19,6700
-11,5,20,7100
-11,6,7,80900
-11,6,8,23300
-11,6,9,12300
-11,6,10,7200
-11,6,11,4700
-11,6,12,5300
-11,6,13,5600
-11,6,14,6400
-11,6,15,6700
-11,6,16,7200
-11,6,17,7200
-11,6,18,7500
-11,6,19,8900
-11,6,20,9300
-11,7,8,95700
-11,7,9,25200
-11,7,10,13100
-11,7,11,7900
-11,7,12,8100
-11,7,13,8800
-11,7,14,9800
-11,7,15,10400
-11,7,16,11300
-11,7,17,12100
-11,7,18,13100
-11,7,19,13700
-11,7,20,14400
-11,8,9,101900
-11,8,10,27700
-11,8,11,14300
-11,8,12,14600
-11,8,13,15600
-11,8,14,17400
-11,8,15,18400
-11,8,16,21000
-11,8,17,21900
-11,8,18,24900
-11,8,19,25100
-11,8,20,27100
-11,9,10,113900
-11,9,11,29600
-11,9,12,34300
-11,9,13,37100
-11,9,14,41400
-11,9,15,41200
-11,9,16,42700
-11,9,17,46600
-11,9,18,53000
-11,9,19,58600
-11,9,20,55500
-11,10,11,117000
-11,10,12,130400
-11,10,13,140200
-11,10,14,156000
-11,10,15,168100
-11,10,16,180600
-11,10,17,194700
-11,10,18,202200
-11,10,19,225100
-11,10,20,237300
-11,11,12,141400
-11,11,13,165000
-11,11,14,165200
-11,11,15,175100
-11,11,16,194300
-11,11,17,190700
-11,11,18,203600
-11,11,19,238400
-11,11,20,233700
-11,12,13,137100
-11,12,14,161500
-11,12,15,170600
-11,12,16,186500
-11,12,17,194200
-11,12,18,213600
-11,12,19,224400
-11,12,20,239400
-11,13,14,163200
-11,13,15,44400
-11,13,16,45400
-11,13,17,52300
-11,13,18,54500
-11,13,19,55300
-11,13,20,54900
-11,14,15,183000
-11,14,16,46700
-11,14,17,21800
-11,14,18,23300
-11,14,19,25800
-11,14,20,26800
-11,15,16,186000
-11,15,17,49700
-11,15,18,24600
-11,15,19,14300
-11,15,20,14900
-11,16,17,198700
-11,16,18,53800
-11,16,19,25800
-11,16,20,15500
-11,17,18,219200
-11,17,19,53400
-11,17,20,28700
-11,18,19,228600
-11,18,20,62000
-11,19,20,269700
-10,1,2,34900
-10,1,3,11000
-10,1,4,6000
-10,1,5,3200
-10,1,6,2800
-10,1,7,2000
-10,1,8,1800
-10,1,9,1500
-10,1,10,1300
-10,1,11,1400
-10,1,12,1600
-10,1,13,1700
-10,1,14,1900
-10,1,15,2000
-10,1,16,2100
-10,1,17,2400
-10,1,18,2600
-10,1,19,2600
-10,1,20,2900
-10,2,3,46300
-10,2,5,5800
-10,2,7,2900
-10,2,9,1800
-10,2,11,1800
-10,2,13,2000
-10,2,15,2500
-10,2,17,2900
-10,2,19,3400
-10,3,4,51700
-10,3,5,15900
-10,3,6,7100
-10,3,7,4600
-10,3,8,3100
-10,3,9,2600
-10,3,10,1900
-10,3,11,2200
-10,3,12,2500
-10,3,13,2900
-10,3,14,2800
-10,3,15,3300
-10,3,16,3200
-10,3,17,4000
-10,3,18,4300
-10,3,19,4600
-10,3,20,4500
-10,4,5,63800
-10,4,7,8700
-10,4,9,3600
-10,4,11,3200
-10,4,13,3800
-10,4,15,4200
-10,4,17,5000
-10,4,19,5900
-10,5,6,67600
-10,5,7,19000
-10,5,8,8900
-10,5,9,5500
-10,5,11,4200
-10,5,12,4800
-10,5,13,5300
-10,5,14,5600
-10,5,16,6800
-10,5,17,7100
-10,5,18,7700
-10,5,19,8700
-10,6,7,78800
-10,6,9,10000
-10,6,11,6500
-10,6,13,8400
-10,6,15,9400
-10,6,17,11400
-10,6,19,12600
-10,7,8,85200
-10,7,9,23800
-10,7,10,11600
-10,7,11,11700
-10,7,12,12900
-10,7,13,14400
-10,7,14,16200
-10,7,15,17700
-10,7,16,20400
-10,7,17,20800
-10,7,18,22400
-10,7,19,22700
-10,7,20,25200
-10,8,9,95400
-10,8,11,27200
-10,8,13,33700
-10,8,15,39200
-10,8,17,47600
-10,8,19,50300
-10,9,10,103900
-10,9,11,108200
-10,9,12,126900
-10,9,13,138800
-10,9,14,148400
-10,9,15,155300
-10,9,16,177200
-10,9,17,173700
-10,9,18,193500
-10,9,19,208000
-10,9,20,224700
-10,10,11,129000
-10,10,13,125400
-10,10,17,174200
-10,10,19,199600
-10,11,12,123200
-10,11,13,139300
-10,11,14,158900
-10,11,15,157400
-10,11,16,175800
-10,11,17,189800
-10,11,18,188000
-10,11,19,215200
-10,11,20,210200
-10,12,13,134300
-10,12,15,38700
-10,12,17,46200
-10,12,19,51600
-10,13,14,152900
-10,13,15,40200
-10,13,16,19800
-10,13,17,20300
-10,13,18,21700
-10,13,19,23200
-10,13,20,24200
-10,14,15,161700
-10,14,17,22200
-10,14,19,13600
-10,15,16,185800
-10,15,17,47800
-10,15,18,21900
-10,15,19,13400
-10,16,17,194100
-10,16,19,24300
-10,17,18,205500
-10,17,19,56400
-10,17,20,24800
-10,18,19,216800
-10,19,20,246600
-9,1,2,32400
-9,1,3,9200
-9,1,4,4900
-9,1,5,3000
-9,1,6,2100
-9,1,7,1800
-9,1,8,1500
-9,1,9,1300
-9,1,10,1400
-9,1,11,1500
-9,1,12,1700
-9,1,13,1900
-9,1,14,2200
-9,1,15,2300
-9,1,16,2400
-9,1,17,2700
-9,1,18,3000
-9,1,19,3300
-9,1,20,3600
-9,2,3,37000
-9,2,4,10700
-9,2,5,5400
-9,2,6,3700
-9,2,7,2500
-9,2,8,2100
-9,2,9,1800
-9,2,10,1900
-9,2,11,2100
-9,2,12,2400
-9,2,13,2400
-9,2,14,2800
-9,2,15,3000
-9,2,16,3200
-9,2,17,3500
-9,2,18,3800
-9,2,19,4100
-9,2,20,4600
-9,3,4,40100
-9,3,5,12500
-9,3,7,4000
-9,3,8,2900
-9,3,10,2400
-9,3,11,2800
-9,3,13,3400
-9,3,14,3400
-9,3,16,4800
-9,3,17,4400
-9,3,19,5500
-9,3,20,6000
-9,4,5,54200
-9,4,6,15500
-9,4,7,7100
-9,4,8,4400
-9,4,9,3100
-9,4,10,3700
-9,4,11,3800
-9,4,12,4200
-9,4,13,4800
-9,4,14,5400
-9,4,15,5800
-9,4,16,7000
-9,4,17,6600
-9,4,18,7300
-9,4,19,7400
-9,4,20,9000
-9,5,6,56000
-9,5,7,16600
-9,5,8,9100
-9,5,9,5400
-9,5,10,5300
-9,5,11,5900
-9,5,12,6800
-9,5,13,7300
-9,5,14,8100
-9,5,15,9100
-9,5,16,9900
-9,5,17,10500
-9,5,18,12100
-9,5,19,12500
-9,5,20,13100
-9,6,7,66500
-9,6,8,18100
-9,6,10,10100
-9,6,11,10600
-9,6,13,14600
-9,6,14,14600
-9,6,16,16700
-9,6,17,18000
-9,6,19,21900
-9,6,20,22100
-9,7,8,80100
-9,7,9,20700
-9,7,10,24000
-9,7,11,26800
-9,7,12,27200
-9,7,13,29700
-9,7,14,31000
-9,7,15,34800
-9,7,16,40800
-9,7,17,45500
-9,7,18,44500
-9,7,19,49700
-9,7,20,52700
-9,8,9,87000
-9,8,10,96300
-9,8,11,99500
-9,8,12,111100
-9,8,13,127600
-9,8,14,124400
-9,8,15,154700
-9,8,16,145800
-9,8,17,168000
-9,8,18,170200
-9,8,19,198400
-9,8,20,206700
-9,9,10,92700
-9,9,11,101800
-9,9,13,131400
-9,9,14,121700
-9,9,16,150900
-9,9,17,163100
-9,9,19,184000
-9,9,20,206900
-9,10,11,100800
-9,10,12,108300
-9,10,13,130400
-9,10,14,135700
-9,10,15,139000
-9,10,16,158000
-9,10,17,169400
-9,10,18,183300
-9,10,19,184700
-9,10,20,220000
-9,11,12,115000
-9,11,13,30400
-9,11,14,34700
-9,11,15,35800
-9,11,16,37800
-9,11,17,42500
-9,11,18,43800
-9,11,19,46600
-9,11,20,56200
-9,12,13,130200
-9,12,14,33600
-9,12,16,17900
-9,12,17,18000
-9,12,19,22200
-9,12,20,26000
-9,13,14,129100
-9,13,15,35800
-9,13,16,18200
-9,13,17,10400
-9,13,18,11300
-9,13,19,12000
-9,13,20,12900
-9,14,15,150800
-9,14,16,39600
-9,14,17,19000
-9,14,18,11700
-9,14,19,8600
-9,14,20,8400
-9,15,16,170600
-9,15,17,45700
-9,15,19,12400
-9,15,20,8100
-9,16,17,168600
-9,16,18,45300
-9,16,19,22100
-9,16,20,13600
-9,17,18,190500
-9,17,19,49200
-9,17,20,24800
-9,18,19,207000
-9,18,20,55600
-9,19,20,222700
-8,1,2,25900
-8,1,3,7700
-8,1,4,4000
-8,1,5,2500
-8,1,6,2200
-8,1,7,1700
-8,1,8,1400
-8,1,9,1400
-8,1,10,1700
-8,1,11,1900
-8,1,12,2100
-8,1,13,2200
-8,1,14,2400
-8,1,15,2600
-8,1,16,3000
-8,1,17,3200
-8,1,18,3400
-8,1,19,4000
-8,1,20,4100
-8,2,3,30500
-8,2,5,4300
-8,2,7,2200
-8,2,9,1900
-8,2,11,2700
-8,2,13,3100
-8,2,15,3700
-8,2,17,4600
-8,2,19,4800
-8,3,4,36300
-8,3,5,11500
-8,3,6,5600
-8,3,7,3400
-8,3,8,2500
-8,3,9,2900
-8,3,10,3100
-8,3,11,3800
-8,3,12,3800
-8,3,13,4600
-8,3,14,4800
-8,3,15,5500
-8,3,16,5800
-8,3,17,6300
-8,3,18,6500
-8,3,19,7400
-8,3,20,8500
-8,4,5,43600
-8,4,7,7000
-8,4,9,4600
-8,4,11,5600
-8,4,13,6600
-8,4,15,8100
-8,4,17,10000
-8,4,19,11700
-8,5,6,58600
-8,5,7,15700
-8,5,8,7900
-8,5,9,8100
-8,5,10,8400
-8,5,11,10400
-8,5,12,11200
-8,5,13,12500
-8,5,14,13900
-8,5,15,15400
-8,5,16,15700
-8,5,17,17100
-8,5,18,19100
-8,5,19,21800
-8,5,20,23400
-8,6,7,54000
-8,6,9,19100
-8,6,11,22400
-8,6,13,29000
-8,6,15,31500
-8,6,17,42900
-8,6,19,46900
-8,7,8,62300
-8,7,9,74400
-8,7,10,79600
-8,7,11,95700
-8,7,12,100700
-8,7,13,106800
-8,7,14,121200
-8,7,15,131800
-8,7,16,140200
-8,7,17,151800
-8,7,18,171400
-8,7,19,178900
-8,7,20,200100
-8,8,9,76700
-8,8,11,89600
-8,8,13,109200
-8,8,15,131200
-8,8,17,158000
-8,8,19,176500
-8,9,10,80400
-8,9,11,96400
-8,9,12,107300
-8,9,13,102600
-8,9,14,121300
-8,9,15,124500
-8,9,16,133100
-8,9,17,159000
-8,9,18,163100
-8,9,19,181400
-8,9,20,183500
-8,10,11,92000
-8,10,13,28500
-8,10,15,34700
-8,10,17,39300
-8,10,19,46500
-8,11,12,104000
-8,11,13,28700
-8,11,14,13600
-8,11,15,14600
-8,11,16,16300
-8,11,17,18300
-8,11,18,18700
-8,11,19,20300
-8,11,20,20800
-8,12,13,112400
-8,12,15,14700
-8,12,17,9900
-8,12,19,11300
-8,13,14,123000
-8,13,15,35200
-8,13,16,17700
-8,13,17,9700
-8,13,18,7100
-8,13,19,7400
-8,13,20,7900
-8,14,15,142200
-8,14,17,17400
-8,14,19,7100
-8,15,16,159000
-8,15,17,39600
-8,15,18,19000
-8,15,19,11900
-8,15,20,7800
-8,16,17,165800
-8,16,19,22600
-8,17,18,191000
-8,17,19,45500
-8,17,20,23100
-8,18,19,195100
-8,19,20,221200
-7,1,2,20800
-7,1,3,6600
-7,1,4,3400
-7,1,5,2100
-7,1,6,1700
-7,1,7,1400
-7,1,8,1500
-7,1,9,1900
-7,1,10,2100
-7,1,11,2300
-7,1,12,2700
-7,1,13,2800
-7,1,14,3100
-7,1,15,3700
-7,1,16,4100
-7,1,17,4300
-7,1,18,4700
-7,1,19,4700
-7,1,20,5400
-7,2,3,25300
-7,2,4,7500
-7,2,5,4100
-7,2,6,2400
-7,2,7,2100
-7,2,8,2200
-7,2,9,2400
-7,2,10,3200
-7,2,11,3600
-7,2,12,3600
-7,2,13,4200
-7,2,14,4500
-7,2,15,4900
-7,2,16,5300
-7,2,17,5400
-7,2,18,6500
-7,2,19,7400
-7,2,20,7600
-7,3,4,31500
-7,3,5,9500
-7,3,6,4600
-7,3,7,3200
-7,3,8,3500
-7,3,9,4100
-7,3,10,4500
-7,3,11,5100
-7,3,12,6100
-7,3,13,6500
-7,3,14,6800
-7,3,15,7600
-7,3,16,7800
-7,3,17,9000
-7,3,18,9500
-7,3,19,10600
-7,3,20,11400
-7,4,5,39000
-7,4,6,10200
-7,4,7,5600
-7,4,8,6500
-7,4,9,6700
-7,4,10,7700
-7,4,11,8600
-7,4,12,9600
-7,4,13,10300
-7,4,14,12200
-7,4,15,13500
-7,4,16,14500
-7,4,17,17400
-7,4,18,17900
-7,4,19,20000
-7,4,20,20800
-7,5,6,43200
-7,5,7,12200
-7,5,8,13700
-7,5,9,15000
-7,5,10,18900
-7,5,11,20400
-7,5,12,23100
-7,5,13,25200
-7,5,14,28400
-7,5,15,30400
-7,5,16,33400
-7,5,17,34900
-7,5,18,41400
-7,5,19,41700
-7,5,20,44900
-7,6,7,48500
-7,6,8,58800
-7,6,9,69100
-7,6,10,67200
-7,6,11,74900
-7,6,12,87100
-7,6,13,96200
-7,6,14,102200
-7,6,15,124300
-7,6,16,128800
-7,6,17,145800
-7,6,18,150800
-7,6,19,167700
-7,6,20,170000
-7,7,8,55700
-7,7,9,66900
-7,7,10,73000
-7,7,11,85500
-7,7,12,91700
-7,7,13,95700
-7,7,15,115700
-7,7,16,131400
-7,7,17,134100
-7,7,18,147000
-7,7,19,168100
-7,7,20,181000
-7,8,9,64300
-7,8,10,70000
-7,8,11,78900
-7,8,12,90600
-7,8,13,101000
-7,8,14,108700
-7,8,15,121000
-7,8,16,127600
-7,8,17,146900
-7,8,18,153800
-7,8,19,160700
-7,8,20,177900
-7,9,10,77200
-7,9,11,19700
-7,9,12,22200
-7,9,13,25600
-7,9,14,26200
-7,9,15,30000
-7,9,16,31600
-7,9,17,36700
-7,9,18,37200
-7,9,19,40800
-7,9,20,45900
-7,10,11,81700
-7,10,12,23600
-7,10,13,12100
-7,10,14,11100
-7,10,15,12500
-7,10,16,14900
-7,10,17,15700
-7,10,18,16500
-7,10,19,17900
-7,10,20,20900
-7,11,12,99800
-7,11,13,26500
-7,11,14,12700
-7,11,15,7500
-7,11,16,7500
-7,11,17,8800
-7,11,18,9000
-7,11,19,11000
-7,11,20,11200
-7,12,13,106800
-7,12,14,30200
-7,12,15,13200
-7,12,16,8500
-7,12,17,5800
-7,12,18,6700
-7,12,19,6500
-7,12,20,7500
-7,13,14,112400
-7,13,15,29500
-7,13,16,15400
-7,13,17,9200
-7,13,18,6200
-7,13,19,4700
-7,13,20,5200
-7,14,15,135700
-7,14,16,35700
-7,14,17,15700
-7,14,18,9600
-7,14,19,6600
-7,14,20,4800
-7,15,16,135700
-7,15,17,35600
-7,15,18,16800
-7,15,19,10400
-7,15,20,7300
-7,16,17,153800
-7,16,18,41500
-7,16,19,20400
-7,16,20,10500
-7,17,18,165800
-7,17,19,44200
-7,17,20,19000
-7,18,19,181100
-7,18,20,47100
-7,19,20,180000
-6,1,2,16200
-6,1,3,4800
-6,1,4,2800
-6,1,5,2000
-6,1,6,1500
-6,1,7,1700
-6,1,8,2000
-6,1,9,2200
-6,1,10,2600
-6,1,11,3000
-6,1,12,3400
-6,1,13,3800
-6,1,14,4100
-6,1,15,4700
-6,1,16,4800
-6,1,17,5500
-6,1,18,6300
-6,1,19,6800
-6,1,20,7500
-6,2,3,21000
-6,2,5,3400
-6,2,7,2700
-6,2,9,3600
-6,2,11,4400
-6,2,13,5600
-6,2,15,7100
-6,2,17,8900
-6,2,19,9900
-6,3,4,25700
-6,3,5,7600
-6,3,7,5100
-6,3,8,5200
-6,3,10,6900
-6,3,11,7800
-6,3,13,9900
-6,3,14,10800
-6,3,16,13900
-6,3,17,14700
-6,3,19,16700
-6,3,20,20700
-6,4,5,29300
-6,4,7,10200
-6,4,9,13000
-6,4,11,17800
-6,4,13,22100
-6,4,15,28900
-6,4,17,34400
-6,4,19,43800
-6,5,6,34900
-6,5,7,43200
-6,5,8,50800
-6,5,9,54100
-6,5,10,62900
-6,5,11,70500
-6,5,12,80400
-6,5,13,92200
-6,5,14,92600
-6,5,15,106700
-6,5,16,118300
-6,5,17,131900
-6,5,18,142400
-6,5,19,174900
-6,5,20,163700
-6,6,7,46300
-6,6,11,71400
-6,6,13,95800
-6,6,17,125200
-6,6,19,143900
-6,7,8,54000
-6,7,9,57000
-6,7,10,63700
-6,7,11,77000
-6,7,12,78600
-6,7,13,92000
-6,7,14,96500
-6,7,15,105800
-6,7,16,120700
-6,7,17,133500
-6,7,18,144100
-6,7,19,158400
-6,7,20,183900
-6,8,9,58600
-6,8,11,19200
-6,8,13,22700
-6,8,15,28200
-6,8,17,32400
-6,8,19,35800
-6,9,10,64300
-6,9,11,17700
-6,9,13,9400
-6,9,14,11700
-6,9,16,13800
-6,9,17,14300
-6,9,19,16900
-6,9,20,17900
-6,10,11,72900
-6,10,13,10700
-6,10,15,7100
-6,10,17,8300
-6,10,19,10200
-6,11,12,77300
-6,11,13,20500
-6,11,14,11200
-6,11,15,7200
-6,11,16,4800
-6,11,17,5500
-6,11,18,5600
-6,11,19,6000
-6,11,20,6600
-6,12,13,93900
-6,12,17,5300
-6,12,19,4400
-6,13,14,104200
-6,13,15,26700
-6,13,16,13100
-6,13,17,8100
-6,13,18,5700
-6,13,19,4200
-6,13,20,3400
-6,14,15,118800
-6,14,17,15800
-6,14,19,6600
-6,15,16,126000
-6,15,17,34700
-6,15,19,10600
-6,15,20,6900
-6,16,17,139500
-6,16,19,18400
-6,17,18,146900
-6,17,19,46200
-6,17,20,20100
-6,18,19,162300
-6,19,20,196100
-5,1,2,11900
-5,1,3,3900
-5,1,4,2300
-5,1,5,1500
-5,1,6,1900
-5,1,7,2200
-5,1,8,2500
-5,1,9,3400
-5,1,10,3600
-5,1,11,4000
-5,1,12,5200
-5,1,13,5400
-5,1,14,5900
-5,1,15,6500
-5,1,16,7300
-5,1,17,8200
-5,1,18,9200
-5,1,19,9300
-5,1,20,10200
-5,2,3,16700
-5,2,4,5200
-5,2,5,2600
-5,2,6,3300
-5,2,7,4100
-5,2,8,4600
-5,2,9,5600
-5,2,10,6200
-5,2,11,7600
-5,2,12,7900
-5,2,13,9300
-5,2,14,10200
-5,2,15,11300
-5,2,16,11700
-5,2,17,13700
-5,2,18,15100
-5,2,19,16400
-5,2,20,18300
-5,3,4,20600
-5,3,5,6600
-5,3,6,7600
-5,3,7,8300
-5,3,8,10000
-5,3,9,12100
-5,3,10,13500
-5,3,11,18100
-5,3,12,17200
-5,3,13,20000
-5,3,14,23000
-5,3,15,24800
-5,3,16,26400
-5,3,17,29700
-5,3,18,32400
-5,3,19,37700
-5,3,20,39500
-5,4,5,25200
-5,4,6,29600
-5,4,7,35800
-5,4,8,41300
-5,4,9,49800
-5,4,10,52200
-5,4,11,62200
-5,4,12,72200
-5,4,13,84800
-5,4,14,93600
-5,4,15,96100
-5,4,16,106400
-5,4,17,121600
-5,4,18,123900
-5,4,19,152600
-5,4,20,161900
-5,5,6,33500
-5,5,7,37500
-5,5,8,44100
-5,5,9,51100
-5,5,11,68600
-5,5,12,75000
-5,5,13,78100
-5,5,14,89500
-5,5,16,110200
-5,5,17,140500
-5,5,18,124400
-5,5,19,167900
-5,6,7,36700
-5,6,8,40500
-5,6,9,48000
-5,6,10,56700
-5,6,11,60300
-5,6,12,72000
-5,6,13,84400
-5,6,14,88500
-5,6,15,102000
-5,6,16,110400
-5,6,17,143700
-5,6,18,125400
-5,6,19,153300
-5,6,20,158800
-5,7,8,45800
-5,7,9,12300
-5,7,10,16200
-5,7,11,16300
-5,7,12,18400
-5,7,13,19100
-5,7,14,22300
-5,7,15,24500
-5,7,16,27500
-5,7,17,29500
-5,7,18,32100
-5,7,19,35700
-5,7,20,41000
-5,8,9,52700
-5,8,10,14200
-5,8,11,7400
-5,8,12,7600
-5,8,13,8600
-5,8,14,9700
-5,8,15,11400
-5,8,16,12100
-5,8,17,13800
-5,8,18,14600
-5,8,19,15900
-5,8,20,16800
-5,9,10,61100
-5,9,11,15700
-5,9,12,8400
-5,9,13,5200
-5,9,14,5900
-5,9,15,6100
-5,9,16,6800
-5,9,17,8100
-5,9,18,8300
-5,9,19,9600
-5,9,20,9700
-5,10,11,64900
-5,10,12,17400
-5,10,13,8500
-5,10,14,5700
-5,10,16,4300
-5,10,17,4700
-5,10,18,4900
-5,10,19,5600
-5,11,12,72200
-5,11,13,20000
-5,11,14,10200
-5,11,15,6200
-5,11,16,4400
-5,11,17,3600
-5,11,18,3500
-5,11,19,4000
-5,11,20,4200
-5,12,13,87500
-5,12,14,22600
-5,12,15,11600
-5,12,16,6700
-5,12,17,4700
-5,12,18,3600
-5,12,19,2800
-5,12,20,3300
-5,13,14,90400
-5,13,15,24700
-5,13,16,12700
-5,13,17,7500
-5,13,18,5500
-5,13,19,3800
-5,13,20,3400
-5,14,15,102700
-5,14,16,30000
-5,14,17,13100
-5,14,18,7900
-5,14,19,5600
-5,14,20,4500
-5,15,16,116200
-5,15,17,31300
-5,15,18,14700
-5,15,19,8800
-5,16,17,120800
-5,16,18,32900
-5,16,19,17000
-5,16,20,9500
-5,17,18,147200
-5,17,19,35100
-5,17,20,17800
-5,18,19,151500
-5,18,20,41200
-5,19,20,173500
-4,1,2,9600
-4,1,3,2900
-4,1,4,1900
-4,1,5,2200
-4,1,6,2500
-4,1,7,3200
-4,1,8,4000
-4,1,9,4800
-4,1,10,5500
-4,1,11,6800
-4,1,12,7600
-4,1,13,8100
-4,1,14,9900
-4,1,15,11000
-4,1,16,12700
-4,1,17,13000
-4,1,18,15000
-4,1,19,16300
-4,1,20,17400
-4,2,3,12800
-4,2,5,5100
-4,2,7,6900
-4,2,9,9700
-4,2,11,14200
-4,2,13,19400
-4,2,15,24900
-4,2,17,30200
-4,2,19,32900
-4,3,4,15700
-4,3,5,19500
-4,3,6,24900
-4,3,7,29000
-4,3,8,35200
-4,3,9,42500
-4,3,10,49700
-4,3,11,58100
-4,3,12,60400
-4,3,13,73700
-4,3,14,79000
-4,3,15,94200
-4,3,16,106800
-4,3,17,115600
-4,3,18,121200
-4,3,19,137900
-4,3,20,148800
-4,4,5,20000
-4,4,7,29000
-4,4,9,40500
-4,4,11,51900
-4,4,13,72800
-4,4,15,85600
-4,4,17,107900
-4,4,19,136100
-4,5,6,26600
-4,5,7,30100
-4,5,8,38500
-4,5,9,38800
-4,5,10,51200
-4,5,11,54600
-4,5,12,62600
-4,5,13,65900
-4,5,14,80300
-4,5,15,86300
-4,5,16,97300
-4,5,17,108600
-4,5,18,122200
-4,5,19,128400
-4,5,20,147400
-4,6,7,29500
-4,6,9,10900
-4,6,11,14900
-4,6,13,17700
-4,6,15,21800
-4,6,17,29000
-4,6,19,32100
-4,7,8,35500
-4,7,9,10400
-4,7,10,5500
-4,7,11,6900
-4,7,12,7000
-4,7,13,8100
-4,7,14,8700
-4,7,15,9600
-4,7,16,11900
-4,7,17,12500
-4,7,18,14100
-4,7,19,14200
-4,7,20,16200
-4,8,9,44500
-4,8,11,6000
-4,8,13,4600
-4,8,15,5400
-4,8,17,7000
-4,8,19,8400
-4,9,10,50700
-4,9,11,13400
-4,9,12,7000
-4,9,13,4500
-4,9,14,3200
-4,9,15,3600
-4,9,16,4100
-4,9,17,4400
-4,9,18,4500
-4,9,19,5500
-4,9,20,5600
-4,10,11,55800
-4,10,13,8500
-4,10,15,3600
-4,10,17,3000
-4,10,19,3600
-4,11,12,69700
-4,11,13,19400
-4,11,14,8900
-4,11,15,5700
-4,11,16,3900
-4,11,17,3200
-4,11,18,2600
-4,11,19,2600
-4,11,20,3000
-4,12,13,70600
-4,12,15,10300
-4,12,17,4500
-4,12,19,2600
-4,13,14,83100
-4,13,15,22700
-4,13,16,11000
-4,13,17,7300
-4,13,18,4800
-4,13,19,3600
-4,13,20,3000
-4,14,15,92900
-4,14,17,13400
-4,14,19,5300
-4,15,16,103600
-4,15,17,29500
-4,15,18,12400
-4,15,19,8000
-4,15,20,6000
-4,16,17,119200
-4,16,19,15500
-4,17,18,123700
-4,17,19,33200
-4,17,20,16600
-4,18,19,139500
-4,19,20,148700
-3,1,2,6100
-3,1,3,2200
-3,1,4,3000
-3,1,5,3800
-3,1,6,4800
-3,1,7,6800
-3,1,8,7800
-3,1,9,9600
-3,1,10,10400
-3,1,11,13400
-3,1,12,14300
-3,1,13,17100
-3,1,14,19300
-3,1,15,19800
-3,1,16,24800
-3,1,17,27900
-3,1,18,28600
-3,1,19,32900
-3,1,20,36200
-3,2,3,8900
-3,2,4,12700
-3,2,5,17400
-3,2,6,20300
-3,2,7,25100
-3,2,8,30800
-3,2,9,35100
-3,2,10,42500
-3,2,11,49500
-3,2,12,59800
-3,2,13,68800
-3,2,14,75100
-3,2,15,93800
-3,2,16,94500
-3,2,17,107300
-3,2,18,123300
-3,2,19,136300
-3,2,20,131800
-3,3,4,12000
-3,3,5,16000
-3,3,7,24200
-3,3,8,28600
-3,3,10,42900
-3,3,11,46600
-3,3,13,64700
-3,3,14,81100
-3,3,16,89000
-3,3,17,101600
-3,3,19,128500
-3,3,20,139600
-3,4,5,16900
-3,4,6,19500
-3,4,7,26100
-3,4,8,30400
-3,4,9,34600
-3,4,10,43000
-3,4,11,47800
-3,4,12,52800
-3,4,13,70200
-3,4,14,70700
-3,4,15,77100
-3,4,16,89300
-3,4,17,111100
-3,4,18,120200
-3,4,19,127500
-3,4,20,137000
-3,5,6,20900
-3,5,7,6200
-3,5,8,7600
-3,5,9,8600
-3,5,10,9700
-3,5,11,11800
-3,5,12,14400
-3,5,13,15700
-3,5,14,18000
-3,5,15,20000
-3,5,16,23600
-3,5,17,25200
-3,5,18,27800
-3,5,19,32800
-3,5,20,33200
-3,6,7,24200
-3,6,8,7200
-3,6,10,4600
-3,6,11,5400
-3,6,13,7400
-3,6,14,8100
-3,6,16,9600
-3,6,17,11100
-3,6,19,14600
-3,6,20,15000
-3,7,8,29800
-3,7,9,8300
-3,7,10,4500
-3,7,11,3100
-3,7,12,3700
-3,7,13,4300
-3,7,14,4600
-3,7,15,4700
-3,7,16,5600
-3,7,17,5900
-3,7,18,7300
-3,7,19,7400
-3,7,20,8300
-3,8,9,39600
-3,8,10,10100
-3,8,11,5900
-3,8,12,3700
-3,8,13,2500
-3,8,14,3000
-3,8,15,3200
-3,8,16,3500
-3,8,17,3900
-3,8,18,4200
-3,8,19,4900
-3,8,20,5900
-3,9,10,45600
-3,9,11,12500
-3,9,13,4000
-3,9,14,3000
-3,9,16,2700
-3,9,17,2700
-3,9,19,3300
-3,9,20,3600
-3,10,11,53800
-3,10,12,15200
-3,10,13,7300
-3,10,14,4600
-3,10,15,3300
-3,10,16,2500
-3,10,17,2200
-3,10,18,2200
-3,10,19,2800
-3,10,20,2700
-3,11,12,55600
-3,11,13,16100
-3,11,14,7900
-3,11,15,5100
-3,11,16,3700
-3,11,17,2700
-3,11,18,2300
-3,11,19,2000
-3,11,20,2000
-3,12,13,69300
-3,12,14,19100
-3,12,16,6100
-3,12,17,4000
-3,12,19,2700
-3,12,20,2000
-3,13,14,73800
-3,13,15,20600
-3,13,16,11500
-3,13,17,5900
-3,13,18,4500
-3,13,19,3300
-3,13,20,2900
-3,14,15,87300
-3,14,16,24800
-3,14,17,11700
-3,14,18,6800
-3,14,19,4700
-3,14,20,3600
-3,15,16,98000
-3,15,17,25000
-3,15,19,7600
-3,15,20,5100
-3,16,17,101500
-3,16,18,31400
-3,16,19,13800
-3,16,20,8200
-3,17,18,116100
-3,17,19,29000
-3,17,20,15200
-3,18,19,129800
-3,18,20,32600
-3,19,20,139200
-2,1,2,4200
-2,1,3,6100
-2,1,4,9000
-2,1,5,12500
-2,1,6,16800
-2,1,7,20200
-2,1,8,25600
-2,1,9,33600
-2,1,10,40000
-2,1,11,43500
-2,1,12,55100
-2,1,13,61000
-2,1,14,65300
-2,1,15,80700
-2,1,16,89700
-2,1,17,98800
-2,1,18,115100
-2,1,19,116600
-2,1,20,132700
-2,2,3,6400
-2,2,5,12000
-2,2,7,18700
-2,2,9,28900
-2,2,11,43000
-2,2,13,62600
-2,2,15,77100
-2,2,17,96900
-2,2,19,120200
-2,3,4,9500
-2,3,5,12700
-2,3,6,16000
-2,3,7,20300
-2,3,8,25200
-2,3,9,30800
-2,3,10,35500
-2,3,11,41000
-2,3,12,50700
-2,3,13,58400
-2,3,14,64700
-2,3,15,79900
-2,3,16,84900
-2,3,17,94800
-2,3,18,119500
-2,3,19,117700
-2,3,20,126200
-2,4,5,12300
-2,4,7,5500
-2,4,9,6900
-2,4,11,11200
-2,4,13,13900
-2,4,15,17500
-2,4,17,22900
-2,4,19,27300
-2,5,6,15400
-2,5,7,4800
-2,5,8,2800
-2,5,9,3200
-2,5,10,4000
-2,5,11,4500
-2,5,12,5500
-2,5,13,6300
-2,5,14,6800
-2,5,15,8400
-2,5,16,9700
-2,5,17,10000
-2,5,18,11600
-2,5,19,12600
-2,5,20,14100
-2,6,7,20900
-2,6,9,3500
-2,6,11,2800
-2,6,13,3700
-2,6,15,4600
-2,6,17,5200
-2,6,19,6700
-2,7,8,26000
-2,7,9,8000
-2,7,10,3700
-2,7,11,2800
-2,7,12,2000
-2,7,13,2200
-2,7,14,2500
-2,7,15,2900
-2,7,16,3200
-2,7,17,3400
-2,7,18,4100
-2,7,19,4600
-2,7,20,5200
-2,8,9,32900
-2,8,11,5000
-2,8,13,2200
-2,8,15,1900
-2,8,17,2500
-2,8,19,3200
-2,9,10,37400
-2,9,11,9900
-2,9,12,5300
-2,9,13,3800
-2,9,14,2500
-2,9,15,2000
-2,9,16,1700
-2,9,17,1900
-2,9,18,2200
-2,9,19,2300
-2,9,20,2500
-2,10,11,41600
-2,10,13,6100
-2,10,15,2900
-2,10,17,1900
-2,10,19,1900
-2,11,12,49700
-2,11,13,14500
-2,11,14,7200
-2,11,15,4900
-2,11,16,3200
-2,11,17,2500
-2,11,18,2000
-2,11,19,1900
-2,11,20,1500
-2,12,13,55900
-2,12,15,8400
-2,12,17,3800
-2,12,19,2100
-2,13,14,70100
-2,13,15,18600
-2,13,16,8500
-2,13,17,5900
-2,13,18,4000
-2,13,19,3000
-2,13,20,2400
-2,14,15,76800
-2,14,17,10800
-2,14,19,4400
-2,15,16,88000
-2,15,17,23300
-2,15,18,10900
-2,15,19,7000
-2,15,20,4900
-2,16,17,94800
-2,16,19,12600
-2,17,18,106500
-2,17,19,29300
-2,17,20,14800
-2,18,19,106300
-2,19,20,123200
-1,1,2,2300
-1,1,3,4000
-1,1,4,6800
-1,1,5,9000
-1,1,6,13300
-1,1,7,17500
-1,1,8,21400
-1,1,9,28200
-1,1,10,30800
-1,1,11,37700
-1,1,12,47600
-1,1,13,57100
-1,1,14,64400
-1,1,15,69400
-1,1,16,77000
-1,1,17,92100
-1,1,18,100000
-1,1,19,122200
-1,1,20,122500
-1,2,3,3900
-1,2,4,6300
-1,2,5,8800
-1,2,6,11700
-1,2,7,16400
-1,2,8,20500
-1,2,9,25600
-1,2,10,29800
-1,2,11,35900
-1,2,12,44200
-1,2,13,51500
-1,2,14,59600
-1,2,15,65400
-1,2,16,72300
-1,2,17,85800
-1,2,18,97600
-1,2,19,109600
-1,2,20,123900
-1,3,4,6300
-1,3,5,2500
-1,3,6,2900
-1,3,7,4500
-1,3,8,5000
-1,3,9,6600
-1,3,10,8200
-1,3,11,9100
-1,3,12,11500
-1,3,13,12900
-1,3,14,15300
-1,3,15,16900
-1,3,16,18000
-1,3,17,23200
-1,3,18,23600
-1,3,19,27500
-1,3,20,27800
-1,4,5,9500
-1,4,6,3400
-1,4,7,1900
-1,4,8,2400
-1,4,9,2800
-1,4,10,3500
-1,4,11,4000
-1,4,12,4700
-1,4,13,5500
-1,4,14,6100
-1,4,15,7700
-1,4,16,8900
-1,4,17,9800
-1,4,18,10500
-1,4,19,12200
-1,4,20,13700
-1,5,6,13300
-1,5,7,4000
-1,5,8,2200
-1,5,9,1600
-1,5,10,2000
-1,5,11,2400
-1,5,12,2600
-1,5,13,3000
-1,5,14,3800
-1,5,15,4100
-1,5,16,4400
-1,5,17,5300
-1,5,18,6200
-1,5,19,6400
-1,5,20,7900
-1,6,7,16600
-1,6,8,5000
-1,6,9,2700
-1,6,10,1900
-1,6,11,1500
-1,6,12,1700
-1,6,13,2000
-1,6,14,2300
-1,6,15,2600
-1,6,16,3200
-1,6,17,3500
-1,6,18,3700
-1,6,19,4100
-1,6,20,5100
-1,7,8,20000
-1,7,9,7000
-1,7,10,3500
-1,7,11,2200
-1,7,12,1800
-1,7,13,1400
-1,7,14,1500
-1,7,15,2000
-1,7,16,2000
-1,7,17,2200
-1,7,18,2700
-1,7,19,3100
-1,7,20,3300
-1,8,9,25300
-1,8,10,7500
-1,8,11,4700
-1,8,12,2700
-1,8,13,2000
-1,8,14,1600
-1,8,15,1400
-1,8,16,1500
-1,8,17,1600
-1,8,18,1900
-1,8,19,2100
-1,8,20,2400
-1,9,10,30100
-1,9,11,9000
-1,9,12,4700
-1,9,13,3500
-1,9,14,2200
-1,9,15,1800
-1,9,16,1600
-1,9,17,1300
-1,9,18,1600
-1,9,19,1600
-1,9,20,1700
-1,10,11,37100
-1,10,12,10500
-1,10,13,5300
-1,10,14,3500
-1,10,15,2700
-1,10,16,2000
-1,10,17,1600
-1,10,18,1500
-1,10,19,1300
-1,10,20,1300
-1,11,12,44200
-1,11,13,12700
-1,11,14,6100
-1,11,15,3900
-1,11,16,3100
-1,11,17,2200
-1,11,18,1900
-1,11,19,1500
-1,11,20,1300
-1,12,13,50600
-1,12,14,14900
-1,12,15,7600
-1,12,16,4500
-1,12,17,3200
-1,12,18,2500
-1,12,19,2200
-1,12,20,1700
-1,13,14,62200
-1,13,15,15800
-1,13,16,7800
-1,13,17,5100
-1,13,18,3500
-1,13,19,2700
-1,13,20,2200
-1,14,15,63800
-1,14,16,18400
-1,14,17,9000
-1,14,18,5800
-1,14,19,4000
-1,14,20,3300
-1,15,16,73600
-1,15,17,21600
-1,15,18,9800
-1,15,19,6700
-1,15,20,4400
-1,16,17,86900
-1,16,18,23700
-1,16,19,11300
-1,16,20,7500
-1,17,18,90500
-1,17,19,27400
-1,17,20,12900
-1,18,19,100000
-1,18,20,28700
-1,19,20,114800